<?xml version="1.0"?>
<pagescount>
	<html_total>1</html_total>
	<html_done>1</html_done>
	<images>74</images>
	<script>16</script>
	<css>57</css>
	<pdf/>
	<documents/>
	<excel/>
	<powerpoint/>
	<flash/>
	<audios/>
	<videos/>
	<xml/>
	<json/>
	<txt/>
	<autocad/>
	<model_3d/>
	<fonts>155</fonts>
	<scraping_reload>1</scraping_reload>
	<is_pretty_url>false</is_pretty_url>
	<has_trailing_slash>false</has_trailing_slash>
	<is_ebn>false</is_ebn>
	<email>wdo@waybackmachinedownloader.com</email>
	<theme_name>WmdTheme969047</theme_name>
	<server_url_front_page>https://www6.waybackmachinedownloader.com/wdo/files/demo/superprofile.bio_wdo_waybackmachinedownloader.com_9nrwv7bjho/</server_url_front_page>
	<no_www_url>superprofile.bio</no_www_url>
	<hosted_domain/>
	<original_archive_url>https://superprofile.bio/vp/67925de0cff5f70013f35e58?fbclid=paq0xdswkbe0rlehrua2flbqixmaabp27kqelljq-h7xn-7tmwhpjqol9efaop5ucaqytduaxtktaw0a8ons9k-dcp_aem_ktwu269fat41oydyfbxkpq</original_archive_url>
	<final_archive_url>https://superprofile.bio/vp/67925de0cff5f70013f35e58?fbclid=paq0xdswkbe0rlehrua2flbqixmaabp27kqelljq-h7xn-7tmwhpjqol9efaop5ucaqytduaxtktaw0a8ons9k-dcp_aem_ktwu269fat41oydyfbxkpq</final_archive_url>
	<front_page_code_date/>
	<total_urls_from_api/>
	<max_reached_live>false</max_reached_live>
	<scrape_other_captures>false</scrape_other_captures>
	<total_size>15380</total_size>
</pagescount>
